/home/dhdash/face_data/at/s13/2.pgm;12
/home/dhdash/face_data/at/s13/7.pgm;12
/home/dhdash/face_data/at/s13/6.pgm;12
/home/dhdash/face_data/at/s13/9.pgm;12
/home/dhdash/face_data/at/s13/5.pgm;12
/home/dhdash/face_data/at/s13/3.pgm;12
/home/dhdash/face_data/at/s13/4.pgm;12
/home/dhdash/face_data/at/s13/10.pgm;12
/home/dhdash/face_data/at/s13/8.pgm;12
/home/dhdash/face_data/at/s13/1.pgm;12
/home/dhdash/face_data/at/s17/2.pgm;16
/home/dhdash/face_data/at/s17/7.pgm;16
/home/dhdash/face_data/at/s17/6.pgm;16
/home/dhdash/face_data/at/s17/9.pgm;16
/home/dhdash/face_data/at/s17/5.pgm;16
/home/dhdash/face_data/at/s17/3.pgm;16
/home/dhdash/face_data/at/s17/4.pgm;16
/home/dhdash/face_data/at/s17/10.pgm;16
/home/dhdash/face_data/at/s17/8.pgm;16
/home/dhdash/face_data/at/s17/1.pgm;16
/home/dhdash/face_data/at/s32/2.pgm;31
/home/dhdash/face_data/at/s32/7.pgm;31
/home/dhdash/face_data/at/s32/6.pgm;31
/home/dhdash/face_data/at/s32/9.pgm;31
/home/dhdash/face_data/at/s32/5.pgm;31
/home/dhdash/face_data/at/s32/3.pgm;31
/home/dhdash/face_data/at/s32/4.pgm;31
/home/dhdash/face_data/at/s32/10.pgm;31
/home/dhdash/face_data/at/s32/8.pgm;31
/home/dhdash/face_data/at/s32/1.pgm;31
/home/dhdash/face_data/at/s10/2.pgm;9
/home/dhdash/face_data/at/s10/7.pgm;9
/home/dhdash/face_data/at/s10/6.pgm;9
/home/dhdash/face_data/at/s10/9.pgm;9
/home/dhdash/face_data/at/s10/5.pgm;9
/home/dhdash/face_data/at/s10/3.pgm;9
/home/dhdash/face_data/at/s10/4.pgm;9
/home/dhdash/face_data/at/s10/10.pgm;9
/home/dhdash/face_data/at/s10/8.pgm;9
/home/dhdash/face_data/at/s10/1.pgm;9
/home/dhdash/face_data/at/s27/2.pgm;26
/home/dhdash/face_data/at/s27/7.pgm;26
/home/dhdash/face_data/at/s27/6.pgm;26
/home/dhdash/face_data/at/s27/9.pgm;26
/home/dhdash/face_data/at/s27/5.pgm;26
/home/dhdash/face_data/at/s27/3.pgm;26
/home/dhdash/face_data/at/s27/4.pgm;26
/home/dhdash/face_data/at/s27/10.pgm;26
/home/dhdash/face_data/at/s27/8.pgm;26
/home/dhdash/face_data/at/s27/1.pgm;26
/home/dhdash/face_data/at/s5/2.pgm;4
/home/dhdash/face_data/at/s5/7.pgm;4
/home/dhdash/face_data/at/s5/6.pgm;4
/home/dhdash/face_data/at/s5/9.pgm;4
/home/dhdash/face_data/at/s5/5.pgm;4
/home/dhdash/face_data/at/s5/3.pgm;4
/home/dhdash/face_data/at/s5/4.pgm;4
/home/dhdash/face_data/at/s5/10.pgm;4
/home/dhdash/face_data/at/s5/8.pgm;4
/home/dhdash/face_data/at/s5/1.pgm;4
/home/dhdash/face_data/at/s20/2.pgm;19
/home/dhdash/face_data/at/s20/7.pgm;19
/home/dhdash/face_data/at/s20/6.pgm;19
/home/dhdash/face_data/at/s20/9.pgm;19
/home/dhdash/face_data/at/s20/5.pgm;19
/home/dhdash/face_data/at/s20/3.pgm;19
/home/dhdash/face_data/at/s20/4.pgm;19
/home/dhdash/face_data/at/s20/10.pgm;19
/home/dhdash/face_data/at/s20/8.pgm;19
/home/dhdash/face_data/at/s20/1.pgm;19
/home/dhdash/face_data/at/s30/2.pgm;29
/home/dhdash/face_data/at/s30/7.pgm;29
/home/dhdash/face_data/at/s30/6.pgm;29
/home/dhdash/face_data/at/s30/9.pgm;29
/home/dhdash/face_data/at/s30/5.pgm;29
/home/dhdash/face_data/at/s30/3.pgm;29
/home/dhdash/face_data/at/s30/4.pgm;29
/home/dhdash/face_data/at/s30/10.pgm;29
/home/dhdash/face_data/at/s30/8.pgm;29
/home/dhdash/face_data/at/s30/1.pgm;29
/home/dhdash/face_data/at/s39/2.pgm;38
/home/dhdash/face_data/at/s39/7.pgm;38
/home/dhdash/face_data/at/s39/6.pgm;38
/home/dhdash/face_data/at/s39/9.pgm;38
/home/dhdash/face_data/at/s39/5.pgm;38
/home/dhdash/face_data/at/s39/3.pgm;38
/home/dhdash/face_data/at/s39/4.pgm;38
/home/dhdash/face_data/at/s39/10.pgm;38
/home/dhdash/face_data/at/s39/8.pgm;38
/home/dhdash/face_data/at/s39/1.pgm;38
/home/dhdash/face_data/at/s35/2.pgm;34
/home/dhdash/face_data/at/s35/7.pgm;34
/home/dhdash/face_data/at/s35/6.pgm;34
/home/dhdash/face_data/at/s35/9.pgm;34
/home/dhdash/face_data/at/s35/5.pgm;34
/home/dhdash/face_data/at/s35/3.pgm;34
/home/dhdash/face_data/at/s35/4.pgm;34
/home/dhdash/face_data/at/s35/10.pgm;34
/home/dhdash/face_data/at/s35/8.pgm;34
/home/dhdash/face_data/at/s35/1.pgm;34
/home/dhdash/face_data/at/s23/2.pgm;22
/home/dhdash/face_data/at/s23/7.pgm;22
/home/dhdash/face_data/at/s23/6.pgm;22
/home/dhdash/face_data/at/s23/9.pgm;22
/home/dhdash/face_data/at/s23/5.pgm;22
/home/dhdash/face_data/at/s23/3.pgm;22
/home/dhdash/face_data/at/s23/4.pgm;22
/home/dhdash/face_data/at/s23/10.pgm;22
/home/dhdash/face_data/at/s23/8.pgm;22
/home/dhdash/face_data/at/s23/1.pgm;22
/home/dhdash/face_data/at/s4/2.pgm;3
/home/dhdash/face_data/at/s4/7.pgm;3
/home/dhdash/face_data/at/s4/6.pgm;3
/home/dhdash/face_data/at/s4/9.pgm;3
/home/dhdash/face_data/at/s4/5.pgm;3
/home/dhdash/face_data/at/s4/3.pgm;3
/home/dhdash/face_data/at/s4/4.pgm;3
/home/dhdash/face_data/at/s4/10.pgm;3
/home/dhdash/face_data/at/s4/8.pgm;3
/home/dhdash/face_data/at/s4/1.pgm;3
/home/dhdash/face_data/at/s9/2.pgm;8
/home/dhdash/face_data/at/s9/7.pgm;8
/home/dhdash/face_data/at/s9/6.pgm;8
/home/dhdash/face_data/at/s9/9.pgm;8
/home/dhdash/face_data/at/s9/5.pgm;8
/home/dhdash/face_data/at/s9/3.pgm;8
/home/dhdash/face_data/at/s9/4.pgm;8
/home/dhdash/face_data/at/s9/10.pgm;8
/home/dhdash/face_data/at/s9/8.pgm;8
/home/dhdash/face_data/at/s9/1.pgm;8
/home/dhdash/face_data/at/s37/2.pgm;36
/home/dhdash/face_data/at/s37/7.pgm;36
/home/dhdash/face_data/at/s37/6.pgm;36
/home/dhdash/face_data/at/s37/9.pgm;36
/home/dhdash/face_data/at/s37/5.pgm;36
/home/dhdash/face_data/at/s37/3.pgm;36
/home/dhdash/face_data/at/s37/4.pgm;36
/home/dhdash/face_data/at/s37/10.pgm;36
/home/dhdash/face_data/at/s37/8.pgm;36
/home/dhdash/face_data/at/s37/1.pgm;36
/home/dhdash/face_data/at/s24/2.pgm;23
/home/dhdash/face_data/at/s24/7.pgm;23
/home/dhdash/face_data/at/s24/6.pgm;23
/home/dhdash/face_data/at/s24/9.pgm;23
/home/dhdash/face_data/at/s24/5.pgm;23
/home/dhdash/face_data/at/s24/3.pgm;23
/home/dhdash/face_data/at/s24/4.pgm;23
/home/dhdash/face_data/at/s24/10.pgm;23
/home/dhdash/face_data/at/s24/8.pgm;23
/home/dhdash/face_data/at/s24/1.pgm;23
/home/dhdash/face_data/at/s19/2.pgm;18
/home/dhdash/face_data/at/s19/7.pgm;18
/home/dhdash/face_data/at/s19/6.pgm;18
/home/dhdash/face_data/at/s19/9.pgm;18
/home/dhdash/face_data/at/s19/5.pgm;18
/home/dhdash/face_data/at/s19/3.pgm;18
/home/dhdash/face_data/at/s19/4.pgm;18
/home/dhdash/face_data/at/s19/10.pgm;18
/home/dhdash/face_data/at/s19/8.pgm;18
/home/dhdash/face_data/at/s19/1.pgm;18
/home/dhdash/face_data/at/s8/2.pgm;7
/home/dhdash/face_data/at/s8/7.pgm;7
/home/dhdash/face_data/at/s8/6.pgm;7
/home/dhdash/face_data/at/s8/9.pgm;7
/home/dhdash/face_data/at/s8/5.pgm;7
/home/dhdash/face_data/at/s8/3.pgm;7
/home/dhdash/face_data/at/s8/4.pgm;7
/home/dhdash/face_data/at/s8/10.pgm;7
/home/dhdash/face_data/at/s8/8.pgm;7
/home/dhdash/face_data/at/s8/1.pgm;7
/home/dhdash/face_data/at/s21/2.pgm;20
/home/dhdash/face_data/at/s21/7.pgm;20
/home/dhdash/face_data/at/s21/6.pgm;20
/home/dhdash/face_data/at/s21/9.pgm;20
/home/dhdash/face_data/at/s21/5.pgm;20
/home/dhdash/face_data/at/s21/3.pgm;20
/home/dhdash/face_data/at/s21/4.pgm;20
/home/dhdash/face_data/at/s21/10.pgm;20
/home/dhdash/face_data/at/s21/8.pgm;20
/home/dhdash/face_data/at/s21/1.pgm;20
/home/dhdash/face_data/at/s1/2.pgm;0
/home/dhdash/face_data/at/s1/7.pgm;0
/home/dhdash/face_data/at/s1/6.pgm;0
/home/dhdash/face_data/at/s1/9.pgm;0
/home/dhdash/face_data/at/s1/5.pgm;0
/home/dhdash/face_data/at/s1/3.pgm;0
/home/dhdash/face_data/at/s1/4.pgm;0
/home/dhdash/face_data/at/s1/10.pgm;0
/home/dhdash/face_data/at/s1/8.pgm;0
/home/dhdash/face_data/at/s1/1.pgm;0
/home/dhdash/face_data/at/s7/2.pgm;6
/home/dhdash/face_data/at/s7/7.pgm;6
/home/dhdash/face_data/at/s7/6.pgm;6
/home/dhdash/face_data/at/s7/9.pgm;6
/home/dhdash/face_data/at/s7/5.pgm;6
/home/dhdash/face_data/at/s7/3.pgm;6
/home/dhdash/face_data/at/s7/4.pgm;6
/home/dhdash/face_data/at/s7/10.pgm;6
/home/dhdash/face_data/at/s7/8.pgm;6
/home/dhdash/face_data/at/s7/1.pgm;6
/home/dhdash/face_data/at/s16/2.pgm;15
/home/dhdash/face_data/at/s16/7.pgm;15
/home/dhdash/face_data/at/s16/6.pgm;15
/home/dhdash/face_data/at/s16/9.pgm;15
/home/dhdash/face_data/at/s16/5.pgm;15
/home/dhdash/face_data/at/s16/3.pgm;15
/home/dhdash/face_data/at/s16/4.pgm;15
/home/dhdash/face_data/at/s16/10.pgm;15
/home/dhdash/face_data/at/s16/8.pgm;15
/home/dhdash/face_data/at/s16/1.pgm;15
/home/dhdash/face_data/at/s36/2.pgm;35
/home/dhdash/face_data/at/s36/7.pgm;35
/home/dhdash/face_data/at/s36/6.pgm;35
/home/dhdash/face_data/at/s36/9.pgm;35
/home/dhdash/face_data/at/s36/5.pgm;35
/home/dhdash/face_data/at/s36/3.pgm;35
/home/dhdash/face_data/at/s36/4.pgm;35
/home/dhdash/face_data/at/s36/10.pgm;35
/home/dhdash/face_data/at/s36/8.pgm;35
/home/dhdash/face_data/at/s36/1.pgm;35
/home/dhdash/face_data/at/s25/2.pgm;24
/home/dhdash/face_data/at/s25/7.pgm;24
/home/dhdash/face_data/at/s25/6.pgm;24
/home/dhdash/face_data/at/s25/9.pgm;24
/home/dhdash/face_data/at/s25/5.pgm;24
/home/dhdash/face_data/at/s25/3.pgm;24
/home/dhdash/face_data/at/s25/4.pgm;24
/home/dhdash/face_data/at/s25/10.pgm;24
/home/dhdash/face_data/at/s25/8.pgm;24
/home/dhdash/face_data/at/s25/1.pgm;24
/home/dhdash/face_data/at/s14/2.pgm;13
/home/dhdash/face_data/at/s14/7.pgm;13
/home/dhdash/face_data/at/s14/6.pgm;13
/home/dhdash/face_data/at/s14/9.pgm;13
/home/dhdash/face_data/at/s14/5.pgm;13
/home/dhdash/face_data/at/s14/3.pgm;13
/home/dhdash/face_data/at/s14/4.pgm;13
/home/dhdash/face_data/at/s14/10.pgm;13
/home/dhdash/face_data/at/s14/8.pgm;13
/home/dhdash/face_data/at/s14/1.pgm;13
/home/dhdash/face_data/at/s34/2.pgm;33
/home/dhdash/face_data/at/s34/7.pgm;33
/home/dhdash/face_data/at/s34/6.pgm;33
/home/dhdash/face_data/at/s34/9.pgm;33
/home/dhdash/face_data/at/s34/5.pgm;33
/home/dhdash/face_data/at/s34/3.pgm;33
/home/dhdash/face_data/at/s34/4.pgm;33
/home/dhdash/face_data/at/s34/10.pgm;33
/home/dhdash/face_data/at/s34/8.pgm;33
/home/dhdash/face_data/at/s34/1.pgm;33
/home/dhdash/face_data/at/s11/2.pgm;10
/home/dhdash/face_data/at/s11/7.pgm;10
/home/dhdash/face_data/at/s11/6.pgm;10
/home/dhdash/face_data/at/s11/9.pgm;10
/home/dhdash/face_data/at/s11/5.pgm;10
/home/dhdash/face_data/at/s11/3.pgm;10
/home/dhdash/face_data/at/s11/4.pgm;10
/home/dhdash/face_data/at/s11/10.pgm;10
/home/dhdash/face_data/at/s11/8.pgm;10
/home/dhdash/face_data/at/s11/1.pgm;10
/home/dhdash/face_data/at/s26/2.pgm;25
/home/dhdash/face_data/at/s26/7.pgm;25
/home/dhdash/face_data/at/s26/6.pgm;25
/home/dhdash/face_data/at/s26/9.pgm;25
/home/dhdash/face_data/at/s26/5.pgm;25
/home/dhdash/face_data/at/s26/3.pgm;25
/home/dhdash/face_data/at/s26/4.pgm;25
/home/dhdash/face_data/at/s26/10.pgm;25
/home/dhdash/face_data/at/s26/8.pgm;25
/home/dhdash/face_data/at/s26/1.pgm;25
/home/dhdash/face_data/at/s18/2.pgm;17
/home/dhdash/face_data/at/s18/7.pgm;17
/home/dhdash/face_data/at/s18/6.pgm;17
/home/dhdash/face_data/at/s18/9.pgm;17
/home/dhdash/face_data/at/s18/5.pgm;17
/home/dhdash/face_data/at/s18/3.pgm;17
/home/dhdash/face_data/at/s18/4.pgm;17
/home/dhdash/face_data/at/s18/10.pgm;17
/home/dhdash/face_data/at/s18/8.pgm;17
/home/dhdash/face_data/at/s18/1.pgm;17
/home/dhdash/face_data/at/s29/2.pgm;28
/home/dhdash/face_data/at/s29/7.pgm;28
/home/dhdash/face_data/at/s29/6.pgm;28
/home/dhdash/face_data/at/s29/9.pgm;28
/home/dhdash/face_data/at/s29/5.pgm;28
/home/dhdash/face_data/at/s29/3.pgm;28
/home/dhdash/face_data/at/s29/4.pgm;28
/home/dhdash/face_data/at/s29/10.pgm;28
/home/dhdash/face_data/at/s29/8.pgm;28
/home/dhdash/face_data/at/s29/1.pgm;28
/home/dhdash/face_data/at/s33/2.pgm;32
/home/dhdash/face_data/at/s33/7.pgm;32
/home/dhdash/face_data/at/s33/6.pgm;32
/home/dhdash/face_data/at/s33/9.pgm;32
/home/dhdash/face_data/at/s33/5.pgm;32
/home/dhdash/face_data/at/s33/3.pgm;32
/home/dhdash/face_data/at/s33/4.pgm;32
/home/dhdash/face_data/at/s33/10.pgm;32
/home/dhdash/face_data/at/s33/8.pgm;32
/home/dhdash/face_data/at/s33/1.pgm;32
/home/dhdash/face_data/at/s12/2.pgm;11
/home/dhdash/face_data/at/s12/7.pgm;11
/home/dhdash/face_data/at/s12/6.pgm;11
/home/dhdash/face_data/at/s12/9.pgm;11
/home/dhdash/face_data/at/s12/5.pgm;11
/home/dhdash/face_data/at/s12/3.pgm;11
/home/dhdash/face_data/at/s12/4.pgm;11
/home/dhdash/face_data/at/s12/10.pgm;11
/home/dhdash/face_data/at/s12/8.pgm;11
/home/dhdash/face_data/at/s12/1.pgm;11
/home/dhdash/face_data/at/s6/2.pgm;5
/home/dhdash/face_data/at/s6/7.pgm;5
/home/dhdash/face_data/at/s6/6.pgm;5
/home/dhdash/face_data/at/s6/9.pgm;5
/home/dhdash/face_data/at/s6/5.pgm;5
/home/dhdash/face_data/at/s6/3.pgm;5
/home/dhdash/face_data/at/s6/4.pgm;5
/home/dhdash/face_data/at/s6/10.pgm;5
/home/dhdash/face_data/at/s6/8.pgm;5
/home/dhdash/face_data/at/s6/1.pgm;5
/home/dhdash/face_data/at/s22/2.pgm;21
/home/dhdash/face_data/at/s22/7.pgm;21
/home/dhdash/face_data/at/s22/6.pgm;21
/home/dhdash/face_data/at/s22/9.pgm;21
/home/dhdash/face_data/at/s22/5.pgm;21
/home/dhdash/face_data/at/s22/3.pgm;21
/home/dhdash/face_data/at/s22/4.pgm;21
/home/dhdash/face_data/at/s22/10.pgm;21
/home/dhdash/face_data/at/s22/8.pgm;21
/home/dhdash/face_data/at/s22/1.pgm;21
/home/dhdash/face_data/at/s15/2.pgm;14
/home/dhdash/face_data/at/s15/7.pgm;14
/home/dhdash/face_data/at/s15/6.pgm;14
/home/dhdash/face_data/at/s15/9.pgm;14
/home/dhdash/face_data/at/s15/5.pgm;14
/home/dhdash/face_data/at/s15/3.pgm;14
/home/dhdash/face_data/at/s15/4.pgm;14
/home/dhdash/face_data/at/s15/10.pgm;14
/home/dhdash/face_data/at/s15/8.pgm;14
/home/dhdash/face_data/at/s15/1.pgm;14
/home/dhdash/face_data/at/s2/2.pgm;1
/home/dhdash/face_data/at/s2/7.pgm;1
/home/dhdash/face_data/at/s2/6.pgm;1
/home/dhdash/face_data/at/s2/9.pgm;1
/home/dhdash/face_data/at/s2/5.pgm;1
/home/dhdash/face_data/at/s2/3.pgm;1
/home/dhdash/face_data/at/s2/4.pgm;1
/home/dhdash/face_data/at/s2/10.pgm;1
/home/dhdash/face_data/at/s2/8.pgm;1
/home/dhdash/face_data/at/s2/1.pgm;1
/home/dhdash/face_data/at/s31/2.pgm;30
/home/dhdash/face_data/at/s31/7.pgm;30
/home/dhdash/face_data/at/s31/6.pgm;30
/home/dhdash/face_data/at/s31/9.pgm;30
/home/dhdash/face_data/at/s31/5.pgm;30
/home/dhdash/face_data/at/s31/3.pgm;30
/home/dhdash/face_data/at/s31/4.pgm;30
/home/dhdash/face_data/at/s31/10.pgm;30
/home/dhdash/face_data/at/s31/8.pgm;30
/home/dhdash/face_data/at/s31/1.pgm;30
/home/dhdash/face_data/at/s28/2.pgm;27
/home/dhdash/face_data/at/s28/7.pgm;27
/home/dhdash/face_data/at/s28/6.pgm;27
/home/dhdash/face_data/at/s28/9.pgm;27
/home/dhdash/face_data/at/s28/5.pgm;27
/home/dhdash/face_data/at/s28/3.pgm;27
/home/dhdash/face_data/at/s28/4.pgm;27
/home/dhdash/face_data/at/s28/10.pgm;27
/home/dhdash/face_data/at/s28/8.pgm;27
/home/dhdash/face_data/at/s28/1.pgm;27
/home/dhdash/face_data/at/s40/2.pgm;39
/home/dhdash/face_data/at/s40/7.pgm;39
/home/dhdash/face_data/at/s40/6.pgm;39
/home/dhdash/face_data/at/s40/9.pgm;39
/home/dhdash/face_data/at/s40/5.pgm;39
/home/dhdash/face_data/at/s40/3.pgm;39
/home/dhdash/face_data/at/s40/4.pgm;39
/home/dhdash/face_data/at/s40/10.pgm;39
/home/dhdash/face_data/at/s40/8.pgm;39
/home/dhdash/face_data/at/s40/1.pgm;39
/home/dhdash/face_data/at/s3/2.pgm;2
/home/dhdash/face_data/at/s3/7.pgm;2
/home/dhdash/face_data/at/s3/6.pgm;2
/home/dhdash/face_data/at/s3/9.pgm;2
/home/dhdash/face_data/at/s3/5.pgm;2
/home/dhdash/face_data/at/s3/3.pgm;2
/home/dhdash/face_data/at/s3/4.pgm;2
/home/dhdash/face_data/at/s3/10.pgm;2
/home/dhdash/face_data/at/s3/8.pgm;2
/home/dhdash/face_data/at/s3/1.pgm;2
/home/dhdash/face_data/at/s38/2.pgm;37
/home/dhdash/face_data/at/s38/7.pgm;37
/home/dhdash/face_data/at/s38/6.pgm;37
/home/dhdash/face_data/at/s38/9.pgm;37
/home/dhdash/face_data/at/s38/5.pgm;37
/home/dhdash/face_data/at/s38/3.pgm;37
/home/dhdash/face_data/at/s38/4.pgm;37
/home/dhdash/face_data/at/s38/10.pgm;37
/home/dhdash/face_data/at/s38/8.pgm;37
/home/dhdash/face_data/at/s38/1.pgm;37
/home/dhdash/face_data/qifan/00000.jpg;qifan
/home/dhdash/face_data/qifan/00001.jpg;qifan
/home/dhdash/face_data/qifan/00002.jpg;qifan
/home/dhdash/face_data/qifan/00003.jpg;qifan
/home/dhdash/face_data/qifan/00004.jpg;qifan
/home/dhdash/face_data/qifan/00005.jpg;qifan
/home/dhdash/face_data/qifan/00006.jpg;qifan
/home/dhdash/face_data/qifan/00007.jpg;qifan
/home/dhdash/face_data/qifan/00008.jpg;qifan
/home/dhdash/face_data/qifan/00009.jpg;qifan
/home/dhdash/face_data/qifan/00010.jpg;qifan
/home/dhdash/face_data/qifan/00011.jpg;qifan
/home/dhdash/face_data/qifan/00012.jpg;qifan
/home/dhdash/face_data/qifan/00013.jpg;qifan
/home/dhdash/face_data/qifan/00014.jpg;qifan
/home/dhdash/face_data/qifan/00015.jpg;qifan
/home/dhdash/face_data/qifan/00016.jpg;qifan
/home/dhdash/face_data/qifan/00017.jpg;qifan
/home/dhdash/face_data/qifan/00018.jpg;qifan
/home/dhdash/face_data/qifan/00019.jpg;qifan
/home/dhdash/face_data/qifan/00020.jpg;qifan
/home/dhdash/face_data/qifan/00021.jpg;qifan
/home/dhdash/face_data/qifan/00022.jpg;qifan
/home/dhdash/face_data/qifan/00023.jpg;qifan
/home/dhdash/face_data/qifan/00024.jpg;qifan
/home/dhdash/face_data/qifan/00025.jpg;qifan
/home/dhdash/face_data/qifan/00026.jpg;qifan
/home/dhdash/face_data/qifan/00027.jpg;qifan
/home/dhdash/face_data/qifan/00028.jpg;qifan
/home/dhdash/face_data/qifan/00029.jpg;qifan
/home/dhdash/face_data/qifan/00030.jpg;qifan
/home/dhdash/face_data/qifan/00031.jpg;qifan
/home/dhdash/face_data/qifan/00032.jpg;qifan
/home/dhdash/face_data/qifan/00033.jpg;qifan
/home/dhdash/face_data/qifan/00034.jpg;qifan
/home/dhdash/face_data/qifan/00035.jpg;qifan
/home/dhdash/face_data/qifan/00036.jpg;qifan
/home/dhdash/face_data/qifan/00037.jpg;qifan
/home/dhdash/face_data/qifan/00038.jpg;qifan
/home/dhdash/face_data/qifan/00039.jpg;qifan
/home/dhdash/face_data/qifan/00040.jpg;qifan
/home/dhdash/face_data/qifan/00041.jpg;qifan
/home/dhdash/face_data/qifan/00042.jpg;qifan
/home/dhdash/face_data/qifan/00043.jpg;qifan
/home/dhdash/face_data/qifan/00044.jpg;qifan
/home/dhdash/face_data/qifan/00045.jpg;qifan
/home/dhdash/face_data/qifan/00046.jpg;qifan
/home/dhdash/face_data/qifan/00047.jpg;qifan
/home/dhdash/face_data/qifan/00048.jpg;qifan
/home/dhdash/face_data/qifan/00049.jpg;qifan
/home/dhdash/face_data/qifan/00050.jpg;qifan
/home/dhdash/face_data/qifan/00051.jpg;qifan
/home/dhdash/face_data/qifan/00052.jpg;qifan
/home/dhdash/face_data/qifan/00053.jpg;qifan
/home/dhdash/face_data/qifan/00054.jpg;qifan
/home/dhdash/face_data/qifan/00055.jpg;qifan
/home/dhdash/face_data/qifan/00056.jpg;qifan
/home/dhdash/face_data/qifan/00057.jpg;qifan
/home/dhdash/face_data/qifan/00058.jpg;qifan
/home/dhdash/face_data/qifan/00059.jpg;qifan
/home/dhdash/face_data/qifan/00060.jpg;qifan
/home/dhdash/face_data/qifan/00061.jpg;qifan
/home/dhdash/face_data/qifan/00062.jpg;qifan
/home/dhdash/face_data/qifan/00063.jpg;qifan
/home/dhdash/face_data/qifan/00064.jpg;qifan
/home/dhdash/face_data/qifan/00065.jpg;qifan
/home/dhdash/face_data/qifan/00066.jpg;qifan
/home/dhdash/face_data/qifan/00067.jpg;qifan
/home/dhdash/face_data/qifan/00068.jpg;qifan
/home/dhdash/face_data/qifan/00069.jpg;qifan
/home/dhdash/face_data/qifan/00070.jpg;qifan
/home/dhdash/face_data/qifan/00071.jpg;qifan
/home/dhdash/face_data/qifan/00072.jpg;qifan
/home/dhdash/face_data/qifan/00073.jpg;qifan
/home/dhdash/face_data/qifan/00074.jpg;qifan
/home/dhdash/face_data/qifan/00075.jpg;qifan
/home/dhdash/face_data/qifan/00076.jpg;qifan
/home/dhdash/face_data/qifan/00077.jpg;qifan
/home/dhdash/face_data/qifan/00078.jpg;qifan
/home/dhdash/face_data/qifan/00079.jpg;qifan
/home/dhdash/face_data/qifan/00080.jpg;qifan
/home/dhdash/face_data/qifan/00081.jpg;qifan
/home/dhdash/face_data/qifan/00082.jpg;qifan
/home/dhdash/face_data/qifan/00083.jpg;qifan
/home/dhdash/face_data/qifan/00084.jpg;qifan
/home/dhdash/face_data/qifan/00085.jpg;qifan
/home/dhdash/face_data/qifan/00086.jpg;qifan
/home/dhdash/face_data/qifan/00087.jpg;qifan
/home/dhdash/face_data/qifan/00088.jpg;qifan
/home/dhdash/face_data/qifan/00089.jpg;qifan
/home/dhdash/face_data/qifan/00090.jpg;qifan
/home/dhdash/face_data/qifan/00091.jpg;qifan
/home/dhdash/face_data/qifan/00092.jpg;qifan
/home/dhdash/face_data/qifan/00093.jpg;qifan
/home/dhdash/face_data/qifan/00094.jpg;qifan
/home/dhdash/face_data/qifan/00095.jpg;qifan
/home/dhdash/face_data/qifan/00096.jpg;qifan
/home/dhdash/face_data/qifan/00097.jpg;qifan
/home/dhdash/face_data/qifan/00098.jpg;qifan
/home/dhdash/face_data/qifan/00099.jpg;qifan
/home/dhdash/face_data/qifan/00100.jpg;qifan
/home/dhdash/face_data/qifan/00101.jpg;qifan
/home/dhdash/face_data/qifan/00102.jpg;qifan
/home/dhdash/face_data/qifan/00103.jpg;qifan
/home/dhdash/face_data/qifan/00104.jpg;qifan
/home/dhdash/face_data/qifan/00105.jpg;qifan
/home/dhdash/face_data/qifan/00106.jpg;qifan
/home/dhdash/face_data/qifan/00107.jpg;qifan
/home/dhdash/face_data/qifan/00108.jpg;qifan
/home/dhdash/face_data/qifan/00109.jpg;qifan
/home/dhdash/face_data/qifan/00110.jpg;qifan
/home/dhdash/face_data/qifan/00111.jpg;qifan
/home/dhdash/face_data/qifan/00112.jpg;qifan
/home/dhdash/face_data/qifan/00113.jpg;qifan
/home/dhdash/face_data/qifan/00114.jpg;qifan
/home/dhdash/face_data/qifan/00115.jpg;qifan
/home/dhdash/face_data/qifan/00116.jpg;qifan
/home/dhdash/face_data/qifan/00117.jpg;qifan
/home/dhdash/face_data/qifan/00118.jpg;qifan
/home/dhdash/face_data/qifan/00119.jpg;qifan
/home/dhdash/face_data/qifan/00120.jpg;qifan
/home/dhdash/face_data/qifan/00121.jpg;qifan
/home/dhdash/face_data/qifan/00122.jpg;qifan
/home/dhdash/face_data/qifan/00123.jpg;qifan
/home/dhdash/face_data/qifan/00124.jpg;qifan
/home/dhdash/face_data/qifan/00125.jpg;qifan
/home/dhdash/face_data/qifan/00126.jpg;qifan
/home/dhdash/face_data/qifan/00127.jpg;qifan
/home/dhdash/face_data/qifan/00128.jpg;qifan
/home/dhdash/face_data/qifan/00129.jpg;qifan
/home/dhdash/face_data/qifan/00130.jpg;qifan
/home/dhdash/face_data/qifan/00131.jpg;qifan
/home/dhdash/face_data/qifan/00132.jpg;qifan
/home/dhdash/face_data/qifan/00133.jpg;qifan
/home/dhdash/face_data/qifan/00134.jpg;qifan
/home/dhdash/face_data/qifan/00135.jpg;qifan
/home/dhdash/face_data/qifan/00136.jpg;qifan
/home/dhdash/face_data/qifan/00137.jpg;qifan
/home/dhdash/face_data/qifan/00138.jpg;qifan
/home/dhdash/face_data/qifan/00139.jpg;qifan
/home/dhdash/face_data/qifan/00140.jpg;qifan
/home/dhdash/face_data/qifan/00141.jpg;qifan
/home/dhdash/face_data/qifan/00142.jpg;qifan
/home/dhdash/face_data/qifan/00143.jpg;qifan
/home/dhdash/face_data/qifan/00144.jpg;qifan
/home/dhdash/face_data/qifan/00145.jpg;qifan
/home/dhdash/face_data/qifan/00146.jpg;qifan
/home/dhdash/face_data/qifan/00147.jpg;qifan
/home/dhdash/face_data/qifan/00148.jpg;qifan
/home/dhdash/face_data/qifan/00149.jpg;qifan
/home/dhdash/face_data/qifan/00150.jpg;qifan
/home/dhdash/face_data/qifan/00151.jpg;qifan
/home/dhdash/face_data/qifan/00152.jpg;qifan
/home/dhdash/face_data/qifan/00153.jpg;qifan
/home/dhdash/face_data/fanyi/00000.jpg;fanyi
/home/dhdash/face_data/fanyi/00001.jpg;fanyi
/home/dhdash/face_data/fanyi/00002.jpg;fanyi
/home/dhdash/face_data/fanyi/00003.jpg;fanyi
/home/dhdash/face_data/fanyi/00004.jpg;fanyi
/home/dhdash/face_data/fanyi/00005.jpg;fanyi
/home/dhdash/face_data/fanyi/00006.jpg;fanyi
/home/dhdash/face_data/fanyi/00007.jpg;fanyi
/home/dhdash/face_data/fanyi/00008.jpg;fanyi
/home/dhdash/face_data/fanyi/00009.jpg;fanyi
/home/dhdash/face_data/fanyi/00010.jpg;fanyi
/home/dhdash/face_data/fanyi/00011.jpg;fanyi
/home/dhdash/face_data/fanyi/00012.jpg;fanyi
/home/dhdash/face_data/fanyi/00013.jpg;fanyi
/home/dhdash/face_data/fanyi/00014.jpg;fanyi
/home/dhdash/face_data/fanyi/00015.jpg;fanyi
/home/dhdash/face_data/fanyi/00016.jpg;fanyi
/home/dhdash/face_data/fanyi/00017.jpg;fanyi
/home/dhdash/face_data/fanyi/00018.jpg;fanyi
/home/dhdash/face_data/fanyi/00019.jpg;fanyi
/home/dhdash/face_data/fanyi/00020.jpg;fanyi
/home/dhdash/face_data/fanyi/00021.jpg;fanyi
/home/dhdash/face_data/fanyi/00022.jpg;fanyi
/home/dhdash/face_data/fanyi/00023.jpg;fanyi
/home/dhdash/face_data/fanyi/00024.jpg;fanyi
/home/dhdash/face_data/fanyi/00025.jpg;fanyi
/home/dhdash/face_data/fanyi/00026.jpg;fanyi
/home/dhdash/face_data/fanyi/00027.jpg;fanyi
/home/dhdash/face_data/fanyi/00028.jpg;fanyi
/home/dhdash/face_data/fanyi/00029.jpg;fanyi
/home/dhdash/face_data/fanyi/00030.jpg;fanyi
/home/dhdash/face_data/fanyi/00031.jpg;fanyi
/home/dhdash/face_data/fanyi/00032.jpg;fanyi
/home/dhdash/face_data/fanyi/00033.jpg;fanyi
/home/dhdash/face_data/fanyi/00034.jpg;fanyi
/home/dhdash/face_data/fanyi/00035.jpg;fanyi
/home/dhdash/face_data/fanyi/00036.jpg;fanyi
/home/dhdash/face_data/fanyi/00037.jpg;fanyi
/home/dhdash/face_data/fanyi/00038.jpg;fanyi
/home/dhdash/face_data/fanyi/00039.jpg;fanyi
/home/dhdash/face_data/fanyi/00040.jpg;fanyi
/home/dhdash/face_data/fanyi/00041.jpg;fanyi
/home/dhdash/face_data/fanyi/00042.jpg;fanyi
/home/dhdash/face_data/fanyi/00043.jpg;fanyi
/home/dhdash/face_data/fanyi/00044.jpg;fanyi
/home/dhdash/face_data/fanyi/00045.jpg;fanyi
/home/dhdash/face_data/fanyi/00046.jpg;fanyi
/home/dhdash/face_data/fanyi/00047.jpg;fanyi
/home/dhdash/face_data/fanyi/00048.jpg;fanyi
/home/dhdash/face_data/fanyi/00049.jpg;fanyi
/home/dhdash/face_data/fanyi/00050.jpg;fanyi
/home/dhdash/face_data/fanyi/00051.jpg;fanyi
/home/dhdash/face_data/fanyi/00052.jpg;fanyi
/home/dhdash/face_data/fanyi/00053.jpg;fanyi
/home/dhdash/face_data/fanyi/00054.jpg;fanyi
/home/dhdash/face_data/fanyi/00055.jpg;fanyi
/home/dhdash/face_data/fanyi/00056.jpg;fanyi
/home/dhdash/face_data/fanyi/00057.jpg;fanyi
/home/dhdash/face_data/fanyi/00058.jpg;fanyi
/home/dhdash/face_data/fanyi/00059.jpg;fanyi
/home/dhdash/face_data/fanyi/00060.jpg;fanyi
/home/dhdash/face_data/fanyi/00061.jpg;fanyi
/home/dhdash/face_data/fanyi/00062.jpg;fanyi
/home/dhdash/face_data/denver/00000.jpg;denver
/home/dhdash/face_data/denver/00001.jpg;denver
/home/dhdash/face_data/denver/00002.jpg;denver
/home/dhdash/face_data/denver/00003.jpg;denver
/home/dhdash/face_data/denver/00004.jpg;denver
/home/dhdash/face_data/denver/00005.jpg;denver
/home/dhdash/face_data/denver/00006.jpg;denver
/home/dhdash/face_data/denver/00007.jpg;denver
/home/dhdash/face_data/denver/00008.jpg;denver
/home/dhdash/face_data/denver/00009.jpg;denver
/home/dhdash/face_data/denver/00010.jpg;denver
/home/dhdash/face_data/denver/00011.jpg;denver
/home/dhdash/face_data/denver/00012.jpg;denver
/home/dhdash/face_data/denver/00013.jpg;denver
/home/dhdash/face_data/denver/00014.jpg;denver
/home/dhdash/face_data/denver/00015.jpg;denver
/home/dhdash/face_data/denver/00016.jpg;denver
/home/dhdash/face_data/denver/00017.jpg;denver
/home/dhdash/face_data/denver/00018.jpg;denver
/home/dhdash/face_data/denver/00019.jpg;denver
/home/dhdash/face_data/denver/00020.jpg;denver
/home/dhdash/face_data/denver/00021.jpg;denver
/home/dhdash/face_data/denver/00022.jpg;denver
/home/dhdash/face_data/denver/00023.jpg;denver
/home/dhdash/face_data/denver/00024.jpg;denver
/home/dhdash/face_data/denver/00025.jpg;denver
/home/dhdash/face_data/denver/00026.jpg;denver
/home/dhdash/face_data/denver/00027.jpg;denver
/home/dhdash/face_data/denver/00028.jpg;denver
/home/dhdash/face_data/denver/00029.jpg;denver
/home/dhdash/face_data/denver/00030.jpg;denver
/home/dhdash/face_data/denver/00031.jpg;denver
/home/dhdash/face_data/denver/00032.jpg;denver
/home/dhdash/face_data/denver/00033.jpg;denver
/home/dhdash/face_data/denver/00034.jpg;denver
/home/dhdash/face_data/denver/00035.jpg;denver
/home/dhdash/face_data/denver/00036.jpg;denver
/home/dhdash/face_data/denver/00037.jpg;denver
/home/dhdash/face_data/denver/00038.jpg;denver
/home/dhdash/face_data/denver/00039.jpg;denver
/home/dhdash/face_data/denver/00040.jpg;denver
/home/dhdash/face_data/denver/00041.jpg;denver
/home/dhdash/face_data/denver/00042.jpg;denver
/home/dhdash/face_data/denver/00043.jpg;denver
/home/dhdash/face_data/denver/00044.jpg;denver
/home/dhdash/face_data/denver/00045.jpg;denver
/home/dhdash/face_data/denver/00046.jpg;denver
/home/dhdash/face_data/denver/00047.jpg;denver
/home/dhdash/face_data/denver/00048.jpg;denver
/home/dhdash/face_data/denver/00049.jpg;denver
/home/dhdash/face_data/denver/00050.jpg;denver
/home/dhdash/face_data/denver/00051.jpg;denver
/home/dhdash/face_data/denver/00052.jpg;denver
/home/dhdash/face_data/denver/00053.jpg;denver
/home/dhdash/face_data/denver/00054.jpg;denver
/home/dhdash/face_data/denver/00055.jpg;denver
/home/dhdash/face_data/denver/00056.jpg;denver
/home/dhdash/face_data/denver/00057.jpg;denver
/home/dhdash/face_data/denver/00058.jpg;denver
/home/dhdash/face_data/denver/00059.jpg;denver
/home/dhdash/face_data/denver/00060.jpg;denver
/home/dhdash/face_data/denver/00061.jpg;denver
/home/dhdash/face_data/denver/00062.jpg;denver
/home/dhdash/face_data/denver/00063.jpg;denver
/home/dhdash/face_data/denver/00064.jpg;denver
/home/dhdash/face_data/denver/00065.jpg;denver
/home/dhdash/face_data/denver/00066.jpg;denver
/home/dhdash/face_data/denver/00067.jpg;denver
/home/dhdash/face_data/denver/00068.jpg;denver
/home/dhdash/face_data/denver/00069.jpg;denver
/home/dhdash/face_data/denver/00070.jpg;denver
/home/dhdash/face_data/denver/00071.jpg;denver
/home/dhdash/face_data/denver/00072.jpg;denver
/home/dhdash/face_data/denver/00073.jpg;denver
/home/dhdash/face_data/denver/00074.jpg;denver
/home/dhdash/face_data/denver/00075.jpg;denver
/home/dhdash/face_data/denver/00076.jpg;denver
/home/dhdash/face_data/denver/00077.jpg;denver
/home/dhdash/face_data/denver/00078.jpg;denver
/home/dhdash/face_data/denver/00079.jpg;denver
/home/dhdash/face_data/denver/00080.jpg;denver
/home/dhdash/face_data/denver/00081.jpg;denver
/home/dhdash/face_data/denver/00082.jpg;denver
/home/dhdash/face_data/denver/00083.jpg;denver
/home/dhdash/face_data/denver/00084.jpg;denver
/home/dhdash/face_data/denver/00085.jpg;denver
/home/dhdash/face_data/denver/00086.jpg;denver
/home/dhdash/face_data/denver/00087.jpg;denver
/home/dhdash/face_data/denver/00088.jpg;denver
/home/dhdash/face_data/denver/00089.jpg;denver
/home/dhdash/face_data/denver/00090.jpg;denver
/home/dhdash/face_data/denver/00091.jpg;denver
/home/dhdash/face_data/denver/00092.jpg;denver
/home/dhdash/face_data/denver/00093.jpg;denver
/home/dhdash/face_data/denver/00094.jpg;denver
/home/dhdash/face_data/denver/00095.jpg;denver
/home/dhdash/face_data/denver/00096.jpg;denver
/home/dhdash/face_data/denver/00097.jpg;denver
/home/dhdash/face_data/denver/00098.jpg;denver
/home/dhdash/face_data/denver/00099.jpg;denver
/home/dhdash/face_data/denver/00100.jpg;denver
/home/dhdash/face_data/denver/00101.jpg;denver
/home/dhdash/face_data/denver/00102.jpg;denver
/home/dhdash/face_data/denver/00103.jpg;denver
/home/dhdash/face_data/denver/00104.jpg;denver
/home/dhdash/face_data/denver/00105.jpg;denver
/home/dhdash/face_data/denver/00106.jpg;denver
/home/dhdash/face_data/denver/00107.jpg;denver
/home/dhdash/face_data/denver/00108.jpg;denver
/home/dhdash/face_data/denver/00109.jpg;denver
/home/dhdash/face_data/denver/00110.jpg;denver
/home/dhdash/face_data/denver/00111.jpg;denver
/home/dhdash/face_data/denver/00112.jpg;denver
/home/dhdash/face_data/denver/00113.jpg;denver
/home/dhdash/face_data/denver/00114.jpg;denver
/home/dhdash/face_data/denver/00115.jpg;denver
/home/dhdash/face_data/denver/00116.jpg;denver
/home/dhdash/face_data/denver/00117.jpg;denver
/home/dhdash/face_data/denver/00118.jpg;denver
/home/dhdash/face_data/denver/00119.jpg;denver
/home/dhdash/face_data/denver/00120.jpg;denver
/home/dhdash/face_data/denver/00121.jpg;denver
/home/dhdash/face_data/denver/00122.jpg;denver
/home/dhdash/face_data/denver/00123.jpg;denver
/home/dhdash/face_data/denver/00124.jpg;denver
/home/dhdash/face_data/denver/00125.jpg;denver
/home/dhdash/face_data/denver/00126.jpg;denver
/home/dhdash/face_data/denver/00127.jpg;denver
/home/dhdash/face_data/denver/00128.jpg;denver
/home/dhdash/face_data/denver/00129.jpg;denver
/home/dhdash/face_data/denver/00130.jpg;denver
/home/dhdash/face_data/denver/00131.jpg;denver
/home/dhdash/face_data/denver/00132.jpg;denver
/home/dhdash/face_data/denver/00133.jpg;denver
/home/dhdash/face_data/denver/00134.jpg;denver
/home/dhdash/face_data/denver/00135.jpg;denver
/home/dhdash/face_data/denver/00136.jpg;denver
/home/dhdash/face_data/denver/00137.jpg;denver
/home/dhdash/face_data/denver/00138.jpg;denver
/home/dhdash/face_data/denver/00139.jpg;denver
/home/dhdash/face_data/denver/00140.jpg;denver
/home/dhdash/face_data/denver/00141.jpg;denver
/home/dhdash/face_data/denver/00142.jpg;denver
/home/dhdash/face_data/denver/00143.jpg;denver
/home/dhdash/face_data/denver/00144.jpg;denver
/home/dhdash/face_data/denver/00145.jpg;denver
/home/dhdash/face_data/denver/00146.jpg;denver
/home/dhdash/face_data/denver/00147.jpg;denver
/home/dhdash/face_data/denver/00148.jpg;denver
/home/dhdash/face_data/denver/00149.jpg;denver
/home/dhdash/face_data/denver/00150.jpg;denver
/home/dhdash/face_data/denver/00151.jpg;denver
/home/dhdash/face_data/denver/00152.jpg;denver
/home/dhdash/face_data/denver/00153.jpg;denver
/home/dhdash/face_data/denver/00154.jpg;denver
/home/dhdash/face_data/denver/00155.jpg;denver
/home/dhdash/face_data/denver/00156.jpg;denver
/home/dhdash/face_data/denver/00157.jpg;denver
/home/dhdash/face_data/denver/00158.jpg;denver
/home/dhdash/face_data/denver/00159.jpg;denver
/home/dhdash/face_data/denver/00160.jpg;denver
/home/dhdash/face_data/denver/00161.jpg;denver
/home/dhdash/face_data/denver/00162.jpg;denver
/home/dhdash/face_data/denver/00163.jpg;denver
/home/dhdash/face_data/denver/00164.jpg;denver
/home/dhdash/face_data/denver/00165.jpg;denver
/home/dhdash/face_data/denver/00166.jpg;denver
/home/dhdash/face_data/denver/00167.jpg;denver
/home/dhdash/face_data/denver/00168.jpg;denver
/home/dhdash/face_data/denver/00169.jpg;denver
/home/dhdash/face_data/denver/00170.jpg;denver
/home/dhdash/face_data/denver/00171.jpg;denver
/home/dhdash/face_data/denver/00172.jpg;denver
/home/dhdash/face_data/denver/00173.jpg;denver
/home/dhdash/face_data/denver/00174.jpg;denver
/home/dhdash/face_data/denver/00175.jpg;denver
/home/dhdash/face_data/denver/00176.jpg;denver
/home/dhdash/face_data/denver/00177.jpg;denver
/home/dhdash/face_data/denver/00178.jpg;denver
/home/dhdash/face_data/denver/00179.jpg;denver
/home/dhdash/face_data/denver/00180.jpg;denver
/home/dhdash/face_data/denver/00181.jpg;denver
/home/dhdash/face_data/denver/00182.jpg;denver
/home/dhdash/face_data/denver/00183.jpg;denver
/home/dhdash/face_data/denver/00184.jpg;denver
/home/dhdash/face_data/denver/00185.jpg;denver
/home/dhdash/face_data/denver/00186.jpg;denver
/home/dhdash/face_data/denver/00187.jpg;denver
/home/dhdash/face_data/denver/00188.jpg;denver
/home/dhdash/face_data/denver/00189.jpg;denver
/home/dhdash/face_data/denver/00190.jpg;denver
/home/dhdash/face_data/denver/00191.jpg;denver
/home/dhdash/face_data/denver/00192.jpg;denver
/home/dhdash/face_data/denver/00193.jpg;denver
/home/dhdash/face_data/denver/00194.jpg;denver
/home/dhdash/face_data/denver/00195.jpg;denver
/home/dhdash/face_data/denver/00196.jpg;denver
/home/dhdash/face_data/denver/00197.jpg;denver
/home/dhdash/face_data/denver/00198.jpg;denver
/home/dhdash/face_data/denver/00199.jpg;denver
/home/dhdash/face_data/denver/00200.jpg;denver
/home/dhdash/face_data/denver/00201.jpg;denver
/home/dhdash/face_data/denver/00202.jpg;denver
/home/dhdash/face_data/denver/00203.jpg;denver
/home/dhdash/face_data/denver/00204.jpg;denver
/home/dhdash/face_data/denver/00205.jpg;denver
/home/dhdash/face_data/denver/00206.jpg;denver
/home/dhdash/face_data/denver/00207.jpg;denver
/home/dhdash/face_data/denver/00208.jpg;denver
/home/dhdash/face_data/denver/00209.jpg;denver
/home/dhdash/face_data/denver/00210.jpg;denver
/home/dhdash/work/mmfps/ros/facereco/facerec/Debug/../../face_data/denver.2//00000.jpg;denver
/home/dhdash/work/mmfps/ros/facereco/facerec/Debug/../../face_data/denver.2//00001.jpg;denver
/home/dhdash/work/mmfps/ros/facereco/facerec/Debug/../../face_data/denver.2//00002.jpg;denver
/home/dhdash/work/mmfps/ros/facereco/facerec/Debug/../../face_data/denver.2//00003.jpg;denver
/home/dhdash/work/mmfps/ros/facereco/facerec/Debug/../../face_data/denver.2//00004.jpg;denver
/home/dhdash/work/mmfps/ros/facereco/facerec/Debug/../../face_data/denver.2//00005.jpg;denver
/home/dhdash/work/mmfps/ros/facereco/facerec/Debug/../../face_data/denver.2//00006.jpg;denver
/home/dhdash/work/mmfps/ros/facereco/facerec/Debug/../../face_data/denver.2//00007.jpg;denver
/home/dhdash/work/mmfps/ros/facereco/facerec/Debug/../../face_data/denver.2//00008.jpg;denver
/home/dhdash/work/mmfps/ros/facereco/facerec/Debug/../../face_data/denver.2//00009.jpg;denver
/home/dhdash/work/mmfps/ros/facereco/facerec/Debug/../../face_data/denver.2//00010.jpg;denver
/home/dhdash/work/mmfps/ros/facereco/facerec/Debug/../../face_data/denver.2//00011.jpg;denver
/home/dhdash/work/mmfps/ros/facereco/facerec/Debug/../../face_data/denver.2//00012.jpg;denver
/home/dhdash/work/mmfps/ros/facereco/facerec/Debug/../../face_data/denver.2//00013.jpg;denver
/home/dhdash/work/mmfps/ros/facereco/facerec/Debug/../../face_data/denver.2//00014.jpg;denver
/home/dhdash/work/mmfps/ros/facereco/facerec/Debug/../../face_data/denver.2//00015.jpg;denver
/home/dhdash/work/mmfps/ros/facereco/facerec/Debug/../../face_data/denver.2//00016.jpg;denver
/home/dhdash/work/mmfps/ros/facereco/facerec/Debug/../../face_data/denver.2//00017.jpg;denver
/home/dhdash/work/mmfps/ros/facereco/facerec/Debug/../../face_data/denver.2//00018.jpg;denver
/home/dhdash/work/mmfps/ros/facereco/facerec/Debug/../../face_data/denver.2//00019.jpg;denver
/home/dhdash/work/mmfps/ros/facereco/facerec/Debug/../../face_data/denver.2//00020.jpg;denver
/home/dhdash/work/mmfps/ros/facereco/facerec/Debug/../../face_data/denver.2//00021.jpg;denver
/home/dhdash/work/mmfps/ros/facereco/facerec/Debug/../../face_data/denver.2//00022.jpg;denver
/home/dhdash/work/mmfps/ros/facereco/facerec/Debug/../../face_data/denver.2//00023.jpg;denver
/home/dhdash/work/mmfps/ros/facereco/facerec/Debug/../../face_data/denver.2//00024.jpg;denver
/home/dhdash/work/mmfps/ros/facereco/facerec/Debug/../../face_data/denver.2//00025.jpg;denver
/home/dhdash/work/mmfps/ros/facereco/facerec/Debug/../../face_data/denver.2//00026.jpg;denver
/home/dhdash/work/mmfps/ros/facereco/facerec/Debug/../../face_data/denver.2//00027.jpg;denver
/home/dhdash/work/mmfps/ros/facereco/facerec/Debug/../../face_data/denver.2//00028.jpg;denver
/home/dhdash/work/mmfps/ros/facereco/facerec/Debug/../../face_data/denver.2//00029.jpg;denver
/home/dhdash/work/mmfps/ros/facereco/facerec/Debug/../../face_data/denver.2//00030.jpg;denver
/home/dhdash/work/mmfps/ros/facereco/facerec/Debug/../../face_data/denver.2//00031.jpg;denver
/home/dhdash/work/mmfps/ros/facereco/facerec/Debug/../../face_data/denver.2//00032.jpg;denver
/home/dhdash/work/mmfps/ros/facereco/facerec/Debug/../../face_data/denver.2//00033.jpg;denver
/home/dhdash/work/mmfps/ros/facereco/facerec/Debug/../../face_data/denver.2//00034.jpg;denver
/home/dhdash/work/mmfps/ros/facereco/facerec/Debug/../../face_data/denver.2//00035.jpg;denver
/home/dhdash/work/mmfps/ros/facereco/facerec/Debug/../../face_data/denver.2//00036.jpg;denver
/home/dhdash/work/mmfps/ros/facereco/facerec/Debug/../../face_data/denver.2//00037.jpg;denver
