/home/dhdash/face_data/qifan/00000.jpg;qifan
/home/dhdash/face_data/qifan/00001.jpg;qifan
/home/dhdash/face_data/qifan/00002.jpg;qifan
/home/dhdash/face_data/qifan/00003.jpg;qifan
/home/dhdash/face_data/qifan/00004.jpg;qifan
/home/dhdash/face_data/qifan/00005.jpg;qifan
/home/dhdash/face_data/qifan/00006.jpg;qifan
/home/dhdash/face_data/qifan/00007.jpg;qifan
/home/dhdash/face_data/qifan/00008.jpg;qifan
/home/dhdash/face_data/qifan/00009.jpg;qifan
/home/dhdash/face_data/qifan/00010.jpg;qifan
/home/dhdash/face_data/qifan/00011.jpg;qifan
/home/dhdash/face_data/qifan/00012.jpg;qifan
/home/dhdash/face_data/qifan/00013.jpg;qifan
/home/dhdash/face_data/qifan/00014.jpg;qifan
/home/dhdash/face_data/qifan/00015.jpg;qifan
/home/dhdash/face_data/qifan/00016.jpg;qifan
/home/dhdash/face_data/qifan/00017.jpg;qifan
/home/dhdash/face_data/qifan/00018.jpg;qifan
/home/dhdash/face_data/qifan/00019.jpg;qifan
/home/dhdash/face_data/qifan/00020.jpg;qifan
/home/dhdash/face_data/qifan/00021.jpg;qifan
/home/dhdash/face_data/qifan/00022.jpg;qifan
/home/dhdash/face_data/qifan/00023.jpg;qifan
/home/dhdash/face_data/qifan/00024.jpg;qifan
/home/dhdash/face_data/qifan/00025.jpg;qifan
/home/dhdash/face_data/qifan/00026.jpg;qifan
/home/dhdash/face_data/qifan/00027.jpg;qifan
/home/dhdash/face_data/qifan/00028.jpg;qifan
/home/dhdash/face_data/qifan/00029.jpg;qifan
/home/dhdash/face_data/qifan/00030.jpg;qifan
/home/dhdash/face_data/qifan/00031.jpg;qifan
/home/dhdash/face_data/qifan/00032.jpg;qifan
/home/dhdash/face_data/qifan/00033.jpg;qifan
/home/dhdash/face_data/qifan/00034.jpg;qifan
/home/dhdash/face_data/qifan/00035.jpg;qifan
/home/dhdash/face_data/qifan/00036.jpg;qifan
/home/dhdash/face_data/qifan/00037.jpg;qifan
/home/dhdash/face_data/qifan/00038.jpg;qifan
/home/dhdash/face_data/qifan/00039.jpg;qifan
/home/dhdash/face_data/qifan/00040.jpg;qifan
/home/dhdash/face_data/qifan/00041.jpg;qifan
/home/dhdash/face_data/qifan/00042.jpg;qifan
/home/dhdash/face_data/qifan/00043.jpg;qifan
/home/dhdash/face_data/qifan/00044.jpg;qifan
/home/dhdash/face_data/qifan/00045.jpg;qifan
/home/dhdash/face_data/qifan/00046.jpg;qifan
/home/dhdash/face_data/qifan/00047.jpg;qifan
/home/dhdash/face_data/qifan/00048.jpg;qifan
/home/dhdash/face_data/qifan/00049.jpg;qifan
/home/dhdash/face_data/qifan/00050.jpg;qifan
/home/dhdash/face_data/qifan/00051.jpg;qifan
/home/dhdash/face_data/qifan/00052.jpg;qifan
/home/dhdash/face_data/qifan/00053.jpg;qifan
/home/dhdash/face_data/qifan/00054.jpg;qifan
/home/dhdash/face_data/qifan/00055.jpg;qifan
/home/dhdash/face_data/qifan/00056.jpg;qifan
/home/dhdash/face_data/qifan/00057.jpg;qifan
/home/dhdash/face_data/qifan/00058.jpg;qifan
/home/dhdash/face_data/qifan/00059.jpg;qifan
/home/dhdash/face_data/qifan/00060.jpg;qifan
/home/dhdash/face_data/qifan/00061.jpg;qifan
/home/dhdash/face_data/qifan/00062.jpg;qifan
/home/dhdash/face_data/qifan/00063.jpg;qifan
/home/dhdash/face_data/qifan/00064.jpg;qifan
/home/dhdash/face_data/qifan/00065.jpg;qifan
/home/dhdash/face_data/qifan/00066.jpg;qifan
/home/dhdash/face_data/qifan/00067.jpg;qifan
/home/dhdash/face_data/qifan/00068.jpg;qifan
/home/dhdash/face_data/qifan/00069.jpg;qifan
/home/dhdash/face_data/qifan/00070.jpg;qifan
/home/dhdash/face_data/qifan/00071.jpg;qifan
/home/dhdash/face_data/qifan/00072.jpg;qifan
/home/dhdash/face_data/qifan/00073.jpg;qifan
/home/dhdash/face_data/qifan/00074.jpg;qifan
/home/dhdash/face_data/qifan/00075.jpg;qifan
/home/dhdash/face_data/qifan/00076.jpg;qifan
/home/dhdash/face_data/qifan/00077.jpg;qifan
/home/dhdash/face_data/qifan/00078.jpg;qifan
/home/dhdash/face_data/qifan/00079.jpg;qifan
/home/dhdash/face_data/qifan/00080.jpg;qifan
/home/dhdash/face_data/qifan/00081.jpg;qifan
/home/dhdash/face_data/qifan/00082.jpg;qifan
/home/dhdash/face_data/qifan/00083.jpg;qifan
/home/dhdash/face_data/qifan/00084.jpg;qifan
/home/dhdash/face_data/qifan/00085.jpg;qifan
/home/dhdash/face_data/qifan/00086.jpg;qifan
/home/dhdash/face_data/qifan/00087.jpg;qifan
/home/dhdash/face_data/qifan/00088.jpg;qifan
/home/dhdash/face_data/qifan/00089.jpg;qifan
/home/dhdash/face_data/qifan/00090.jpg;qifan
/home/dhdash/face_data/qifan/00091.jpg;qifan
/home/dhdash/face_data/qifan/00092.jpg;qifan
/home/dhdash/face_data/qifan/00093.jpg;qifan
/home/dhdash/face_data/qifan/00094.jpg;qifan
/home/dhdash/face_data/qifan/00095.jpg;qifan
/home/dhdash/face_data/qifan/00096.jpg;qifan
/home/dhdash/face_data/qifan/00097.jpg;qifan
/home/dhdash/face_data/qifan/00098.jpg;qifan
/home/dhdash/face_data/qifan/00099.jpg;qifan
/home/dhdash/face_data/qifan/00100.jpg;qifan
/home/dhdash/face_data/qifan/00101.jpg;qifan
/home/dhdash/face_data/qifan/00102.jpg;qifan
/home/dhdash/face_data/qifan/00103.jpg;qifan
/home/dhdash/face_data/qifan/00104.jpg;qifan
/home/dhdash/face_data/qifan/00105.jpg;qifan
/home/dhdash/face_data/qifan/00106.jpg;qifan
/home/dhdash/face_data/qifan/00107.jpg;qifan
/home/dhdash/face_data/qifan/00108.jpg;qifan
/home/dhdash/face_data/qifan/00109.jpg;qifan
/home/dhdash/face_data/qifan/00110.jpg;qifan
/home/dhdash/face_data/qifan/00111.jpg;qifan
/home/dhdash/face_data/qifan/00112.jpg;qifan
/home/dhdash/face_data/qifan/00113.jpg;qifan
/home/dhdash/face_data/qifan/00114.jpg;qifan
/home/dhdash/face_data/qifan/00115.jpg;qifan
/home/dhdash/face_data/qifan/00116.jpg;qifan
/home/dhdash/face_data/qifan/00117.jpg;qifan
/home/dhdash/face_data/qifan/00118.jpg;qifan
/home/dhdash/face_data/qifan/00119.jpg;qifan
/home/dhdash/face_data/qifan/00120.jpg;qifan
/home/dhdash/face_data/qifan/00121.jpg;qifan
/home/dhdash/face_data/qifan/00122.jpg;qifan
/home/dhdash/face_data/qifan/00123.jpg;qifan
/home/dhdash/face_data/qifan/00124.jpg;qifan
/home/dhdash/face_data/qifan/00125.jpg;qifan
/home/dhdash/face_data/qifan/00126.jpg;qifan
/home/dhdash/face_data/qifan/00127.jpg;qifan
/home/dhdash/face_data/qifan/00128.jpg;qifan
/home/dhdash/face_data/qifan/00129.jpg;qifan
/home/dhdash/face_data/qifan/00130.jpg;qifan
/home/dhdash/face_data/qifan/00131.jpg;qifan
/home/dhdash/face_data/qifan/00132.jpg;qifan
/home/dhdash/face_data/qifan/00133.jpg;qifan
/home/dhdash/face_data/qifan/00134.jpg;qifan
/home/dhdash/face_data/qifan/00135.jpg;qifan
/home/dhdash/face_data/qifan/00136.jpg;qifan
/home/dhdash/face_data/qifan/00137.jpg;qifan
/home/dhdash/face_data/qifan/00138.jpg;qifan
/home/dhdash/face_data/qifan/00139.jpg;qifan
/home/dhdash/face_data/qifan/00140.jpg;qifan
/home/dhdash/face_data/qifan/00141.jpg;qifan
/home/dhdash/face_data/qifan/00142.jpg;qifan
/home/dhdash/face_data/qifan/00143.jpg;qifan
/home/dhdash/face_data/qifan/00144.jpg;qifan
/home/dhdash/face_data/qifan/00145.jpg;qifan
/home/dhdash/face_data/qifan/00146.jpg;qifan
/home/dhdash/face_data/qifan/00147.jpg;qifan
/home/dhdash/face_data/qifan/00148.jpg;qifan
/home/dhdash/face_data/qifan/00149.jpg;qifan
/home/dhdash/face_data/qifan/00150.jpg;qifan
/home/dhdash/face_data/qifan/00151.jpg;qifan
/home/dhdash/face_data/qifan/00152.jpg;qifan
/home/dhdash/face_data/qifan/00153.jpg;qifan
