/home/mmfps/mmfps/mmfpspkg/node_face/people/141157052007/00000.jpg;141157052007
/home/mmfps/mmfps/mmfpspkg/node_face/people/141157052007/00001.jpg;141157052007
/home/mmfps/mmfps/mmfpspkg/node_face/people/141157052007/00002.jpg;141157052007
/home/mmfps/mmfps/mmfpspkg/node_face/people/141157052007/00003.jpg;141157052007
/home/mmfps/mmfps/mmfpspkg/node_face/people/141157052007/00004.jpg;141157052007
/home/mmfps/mmfps/mmfpspkg/node_face/people/141157052007/00005.jpg;141157052007
/home/mmfps/mmfps/mmfpspkg/node_face/people/141157052007/00006.jpg;141157052007
/home/mmfps/mmfps/mmfpspkg/node_face/people/141157052007/00007.jpg;141157052007
/home/mmfps/mmfps/mmfpspkg/node_face/people/141157052007/00008.jpg;141157052007
/home/mmfps/mmfps/mmfpspkg/node_face/people/141157052007/00009.jpg;141157052007
/home/mmfps/mmfps/mmfpspkg/node_face/people/141157052007/00010.jpg;141157052007
/home/mmfps/mmfps/mmfpspkg/node_face/people/141157052007/00011.jpg;141157052007
/home/mmfps/mmfps/mmfpspkg/node_face/people/141157052007/00012.jpg;141157052007
/home/mmfps/mmfps/mmfpspkg/node_face/people/141157052007/00013.jpg;141157052007
/home/mmfps/mmfps/mmfpspkg/node_face/people/141157052007/00014.jpg;141157052007
/home/mmfps/mmfps/mmfpspkg/node_face/people/141157052007/00015.jpg;141157052007
/home/mmfps/mmfps/mmfpspkg/node_face/people/141157052007/00016.jpg;141157052007
/home/mmfps/mmfps/mmfpspkg/node_face/people/141157052007/00017.jpg;141157052007
/home/mmfps/mmfps/mmfpspkg/node_face/people/141157052007/00018.jpg;141157052007
/home/mmfps/mmfps/mmfpspkg/node_face/people/141157052007/00019.jpg;141157052007
/home/mmfps/mmfps/mmfpspkg/node_face/people/141157052007/00020.jpg;141157052007
/home/mmfps/mmfps/mmfpspkg/node_face/people/141157052007/00021.jpg;141157052007
/home/mmfps/mmfps/mmfpspkg/node_face/people/141157052007/00022.jpg;141157052007
/home/mmfps/mmfps/mmfpspkg/node_face/people/141157052007/00023.jpg;141157052007
/home/mmfps/mmfps/mmfpspkg/node_face/people/141157052007/00024.jpg;141157052007
/home/mmfps/mmfps/mmfpspkg/node_face/people/141157052007/00025.jpg;141157052007
/home/mmfps/mmfps/mmfpspkg/node_face/people/141157052007/00026.jpg;141157052007
/home/mmfps/mmfps/mmfpspkg/node_face/people/141157052007/00027.jpg;141157052007
/home/mmfps/mmfps/mmfpspkg/node_face/people/141157052007/00028.jpg;141157052007
/home/mmfps/mmfps/mmfpspkg/node_face/people/141157052007/00029.jpg;141157052007
/home/mmfps/mmfps/mmfpspkg/node_face/people/141157052007/00030.jpg;141157052007
